{
  "token_acc":1.0,
  "token_p":1.0,
  "token_r":1.0,
  "token_f":1.0,
  "cats_score":0.7772397225,
  "cats_score_desc":"macro F",
  "cats_micro_p":0.862543992,
  "cats_micro_r":0.722033613,
  "cats_micro_f":0.786059014,
  "cats_macro_p":0.8588788938,
  "cats_macro_r":0.7148611716,
  "cats_macro_f":0.7772397225,
  "cats_macro_auc":0.9554152233,
  "cats_f_per_type":{
    "Depression":{
      "p":0.6968929804,
      "r":0.6497854077,
      "f":0.6725152693
    },
    "PTSD":{
      "p":0.8672032193,
      "r":0.6719937634,
      "f":0.7572197211
    },
    "OCD":{
      "p":0.937707479,
      "r":0.7925400231,
      "f":0.8590339893
    },
    "Eating Disorder":{
      "p":0.9103684662,
      "r":0.9009497965,
      "f":0.9056346433
    },
    "Bipolar Disorder":{
      "p":0.8835725678,
      "r":0.6238738739,
      "f":0.7313531353
    },
    "BPD":{
      "p":0.8446927374,
      "r":0.5879836671,
      "f":0.6933394474
    },
    "ADHD":{
      "p":0.8717148061,
      "r":0.7769016698,
      "f":0.8215818516
    }
  },
  "cats_auc_per_type":{
    "Depression":0.9282385868,
    "PTSD":0.9520628463,
    "OCD":0.9685002407,
    "Eating Disorder":0.9829702602,
    "Bipolar Disorder":0.9351052613,
    "BPD":0.942503993,
    "ADHD":0.9785253751
  },
  "speed":25048.7943145945
}